相对路径,字节数,SHA256
01_人形态_7个模型\01_管家_Hasuki\01_House_Hasuki.safetensors,170552404,7AA6F240F5EA86196342D6835A307FBC78335AD0C34FD277DD50856060F9449E
01_人形态_7个模型\02_小红_Tillroo\02_Kitchen_Tillroo.safetensors,114450468,CF48FEA24A67264122A46107A6EDA80FC6190B562D550830CB5DB7E4EA842554
01_人形态_7个模型\03_小绿_Parla\03_Parlor_Parla.safetensors,114449892,A3010814C81460B727BC58F5D27B240D73C07EC871EE98503E236E475EE0769F
01_人形态_7个模型\04_小蓝_Laundry_SFW_ONLY\04_Laundry_SFW_ONLY.safetensors,170551052,23CF9B57CF71B9E05EEB5F1331BEADD83DA28EF76AE4A1F2C649CBEB783EC802
01_人形态_7个模型\05_小粉_Nasary\05_Nurse_Nasary.safetensors,114451220,8F64DAA8421F40666F52110760664777D941D8852FB41CE866601D9D80EF7845
01_人形态_7个模型\06_小金_Latys\06_Latys.safetensors,57426292,B733DAF05C08F5A6B0EEC57DF2050233A59AD75FE415ED359CD5D8865801E097
01_人形态_7个模型\07_小黑_Chame\07_Chamber_Chame.safetensors,57435764,750E6A589E4E3FD1E6EDD6EA404B442B5011E53E328405DF0CD6583AFDE1146D
02_龙形态_6个模型\01_管家龙_Sheou\01_管家_Sheou_dragon.safetensors,100189892,148035A37260A1674A7FD771A8CC78780488409AC9FA5A839685DF03774AD6AC
02_龙形态_6个模型\02_小红龙_Tinkhec\02_小红_Tinkhec_dragon.safetensors,114450468,CF48FEA24A67264122A46107A6EDA80FC6190B562D550830CB5DB7E4EA842554
02_龙形态_6个模型\03_小绿龙_Lorpar\03_小绿_Lorpar_dragon.safetensors,114449892,A3010814C81460B727BC58F5D27B240D73C07EC871EE98503E236E475EE0769F
02_龙形态_6个模型\04_小蓝龙_Nudyarl_SFW_ONLY\04_小蓝_Nudyarl_SFW_dragon.safetensors,114451220,8F64DAA8421F40666F52110760664777D941D8852FB41CE866601D9D80EF7845
02_龙形态_6个模型\05_小粉龙_Ernus\05_小粉_Ernus_dragon.safetensors,114451220,8F64DAA8421F40666F52110760664777D941D8852FB41CE866601D9D80EF7845
02_龙形态_6个模型\06_小黑龙_Stern_Cehrmba\06_小黑_Stern_Cehrmba_dragon.safetensors,57435764,750E6A589E4E3FD1E6EDD6EA404B442B5011E53E328405DF0CD6583AFDE1146D